Text_Type,Key,r_len,IC,Expected_IC
PT,N/A,1,0.0584276759,0.05740
CT,ДА,2,0.0451411672,0.03125
CT,ТРИ,3,0.0395098809,0.03125
CT,ШИФР,4,0.0373658026,0.03125
CT,СЛОВО,5,0.0382899743,0.03125
CT,КРИПТОАНАЛИЗ,12,0.0340372441,0.03125
